topic,primary_hub,also_linked_from,records,systems,stub
Account Card,Online,,3,Online; UI,
Account Recovery,Online,,1,Online,yes
Accounts,Platform and Engine,,9,Online,
Acrobat,Character and Progression,,1,Character,yes
Aim Arcs,Combat and AI,,1,UI,yes
Aim Line,Combat and AI,,2,UI,yes
Aiming,Combat and AI,,9,Combat; UI,
Alchemy,Professions and Crafting,,2,Character,yes
Alchemy Station,Professions and Crafting,,5,Items,
Ally Cast,Platform and Engine,,1,Online,yes
Ambient Text,Mods,,2,Mods,yes
Angler,Professions and Crafting,,1,Character,yes
AoE Capsule Sweep,Platform and Engine,,1,Combat,yes
Apostle,Online,,1,Online,yes
Apothecary,Guilds and Seats,Professions and Crafting,7,Online; UI,
Arcane Essence,Professions and Crafting,,1,Items,yes
Archers,Platform and Engine,,1,Combat,yes
Area Spells,Combat and AI,,4,Combat; Graphics,
Arena Bouts,Arena and Quests,,20,Graphics; Online; UI; World,
Arena Crowd,Arena and Quests,,11,Graphics; World,
Arena Gate,Arena and Quests,Oblivion Gates,4,UI; World,
Arena Ladder,Arena and Quests,,8,Online; World,
Arena of Daggerfall,Arena and Quests,,18,Engine; Graphics; Items; Online; World,
Arena Online,Arena and Quests,Online,12,Online,
Arena Stands,Arena and Quests,,2,Online,yes
Arena Titles,Arena and Quests,,3,Online; UI; World,
Arena Undercroft,Arena and Quests,,6,World,
Arena Window,Arena and Quests,Interface,8,UI,
Argonian,Rendering,,1,Graphics,yes
Armour Display,Items and Equipment,,1,UI,yes
Arms,Rendering,,3,Graphics,
Arrest,World and Overworld,,1,World,yes
Arrow Origins,Platform and Engine,,1,Combat,yes
Arrows,Professions and Crafting,,2,Combat; Items,yes
Ascension Window,Character and Progression,Interface,4,UI,
Attic Glare,Rendering,,1,Graphics,yes
Attribute Box,Character and Progression,,1,UI,yes
Auctions,Economy and Trade,,20,Online,
Audit 62,Platform and Engine,,2,Engine,yes
Audit 63,Platform and Engine,,1,Engine,yes
Audit 64,Platform and Engine,,1,Engine,yes
Audit 65,Platform and Engine,,5,Engine,
Audit 68,Platform and Engine,,1,Engine,yes
Audit Air 1,Platform and Engine,,1,Engine,yes
Audit Death 1,Platform and Engine,,1,Engine,yes
Auras,Rendering,Online,40,Graphics; Online; UI,
Auto-Travel,World and Overworld,,1,World,yes
Backups,Platform and Engine,,1,Online,yes
Bandages,Items and Equipment,,1,Items,yes
Banishment,Law and Crime,,3,Online; World,
Bank,Economy and Trade,,18,Engine; Online; UI; World,
Bank Ships,Naval,Economy and Trade,2,World,yes
Banners,Guilds and Seats,,9,Graphics; Online; UI; World,
Barracks,Interface,,1,Online,yes
Base64 Payload,Platform and Engine,,1,Engine,yes
Basic Roads,World and Overworld,,5,Engine; World,
Basket,Professions and Crafting,,7,Controls; UI,
Battle,Guilds and Seats,,2,Online,yes
Battlefield,Guilds and Seats,,2,Online,yes
Beautiful Cities,Mods,,2,Graphics; UI,yes
Beautiful Cities of Daggerfall,Mods,,1,Mods,yes
Beautiful Villages,World and Overworld,,2,Graphics,yes
Beautiful Villages of Daggerfall,World and Overworld,,2,Mods,yes
Bedroll,Camping and Survival,,1,Items,yes
Better Ambience,Mods,Audio,3,Mods,
Billboards,Rendering,,2,Graphics,yes
Black Screen,Interface,,1,Engine,yes
Blade Contact,Combat and AI,,1,Graphics,yes
Bleeding,Rendering,,1,Combat,yes
Blood,Rendering,,10,Combat; Graphics,
Boarding,Naval,,29,Combat; UI; World,
Boat Deeds,Naval,Homes and Property,2,World,yes
Boat Menu,Naval,Interface,6,UI,
Boats,Naval,,8,World,
Bodies,Rendering,,1,Graphics,yes
Body,Rendering,,1,Graphics,yes
Body Interaction,Social and Chat,,1,Controls,yes
Bookmaker,Arena and Quests,,6,World,
Books,Platform and Engine,,3,UI,
Boulders,Professions and Crafting,,5,World,
Bounties,Law and Crime,,27,Online; UI; World,
Bounty Boards,Law and Crime,,5,UI; World,
Bounty Contracts,Law and Crime,,1,World,yes
Bounty Hunts,Law and Crime,,19,UI; World,
Bounty Rewards,Law and Crime,,13,Items; UI; World,
Bow,Platform and Engine,,2,Combat; Graphics,yes
Bowyer,Professions and Crafting,,1,Character,yes
Brace Button,Naval,,1,UI,yes
Bracing,Naval,,1,Controls,yes
Brewer,Professions and Crafting,,1,Character,yes
Bring Online,Online,,7,Online,
Broadside Camera,Rendering,,2,Graphics,yes
Broker Wares,Items and Equipment,,1,Items,yes
Builder,Platform and Engine,,1,Character,yes
Burning Court,World and Overworld,,1,World,yes
Butcher,Professions and Crafting,,1,Character,yes
Buy Orders,Economy and Trade,,9,Online,
Calmer Eye,Rendering,,1,Graphics,yes
Camera Kick,Rendering,,2,Graphics,yes
Campfire,Camping and Survival,,8,Items; UI,
Campfire Kit,Camping and Survival,,2,Items,yes
Camping,Camping and Survival,,1,World,yes
Camps,Camping and Survival,,2,World,yes
Card,Interface,,1,UI,yes
Carpenter's Stores,Professions and Crafting,,1,Items,yes
Carpentry,Professions and Crafting,,19,Character; Items,
Carry Weight,Character and Progression,,1,Character,yes
Cart,World and Overworld,,1,World,yes
Cast When Used,Combat and AI,,3,Combat; UI,
Castle Daggerfall,World and Overworld,,1,World,yes
Champions,Companions and Revenants,,2,Combat,yes
Character Creation,Character and Progression,,4,Character,
Character Face,Character and Progression,,1,Character,yes
Character Sheet,Character and Progression,,1,UI,yes
Characters,Character and Progression,,5,Engine; Online,
Charcoal,Professions and Crafting,,1,Items,yes
Charcoal Burner,Professions and Crafting,,1,Character,yes
Charter Room,Homes and Property,,5,Online,
Charters,Guilds and Seats,,3,Online,
Chat Bubbles,Social and Chat,,1,Online,yes
Chat Channels,Social and Chat,,1,Online,yes
Chat Gate,Social and Chat,Oblivion Gates,1,Online,yes
Chat Window,Social and Chat,Interface,6,UI,
Chef,Professions and Crafting,,1,Character,yes
Chronicle,Guilds and Seats,,3,Online; UI,
Cite Tool,Items and Equipment,,3,Engine,
City Watch,World and Overworld,Law and Crime,8,Combat; Graphics; Online; World,
Class Builder,Character and Progression,Platform and Engine,2,Character,yes
Class Description,Character and Progression,,1,UI,yes
Class Skins,Character and Progression,,1,Character,yes
Classic Dungeon,World and Overworld,Character and Progression,1,Graphics,yes
Classic Modals,Mods,Character and Progression,1,UI,yes
Classic Settings,Character and Progression,,1,UI,yes
Classic Talk Box,Character and Progression,,1,UI,yes
Classic Toggle,Character and Progression,,1,Platform,yes
Classic UI,Interface,Character and Progression,2,UI,yes
Climate Skins,World and Overworld,,1,Graphics,yes
Climates & Calories,Mods,,16,Mods; Online; UI,
Climb,Controls,,1,World,yes
Climbing,Controls,,43,Character; Controls; Engine; Online,
Climbing Feel,Controls,,1,Graphics,yes
Climbing Sound,Controls,Audio,1,Graphics,yes
Clothing Reactions,Character and Progression,,4,Character,
Coast Waves,Naval,,2,Graphics,yes
Coasts,Naval,,2,Graphics; World,yes
Coilscale,Items and Equipment,Naval; Online,4,Items,
Collision,Platform and Engine,,1,Engine,yes
Combat Silver,Economy and Trade,Combat and AI,2,Online,yes
Come Sail Away,Naval,,1,Graphics,yes
Commissions,Professions and Crafting,Economy and Trade,11,Online,
Community Arc,Online,,1,Online,yes
Companions,Companions and Revenants,,34,Combat; Engine; Graphics; Online; UI,
Compass,Naval,Professions and Crafting; Interface,11,UI,
Conjured Items,Items and Equipment,,1,Items,yes
Conscription,Guilds and Seats,,1,Online,yes
Contact Sites,Combat and AI,,1,Combat,yes
Controller Bindings,Controls,,2,Controls; UI,yes
Controller Hints,Controls,,1,UI,yes
Controls Screen,Interface,,1,UI,yes
Cook,Professions and Crafting,,1,Character,yes
Cooking,Professions and Crafting,,11,Character; Items; UI,
Copy to Offline,World and Overworld,,2,Online,yes
Corpse Gold,Economy and Trade,,1,Items,yes
Corpse Loot,Items and Equipment,,2,Online,yes
Court Writs,Professions and Crafting,,10,Online,
Cover,Combat and AI,,3,Combat,
Crafting,Professions and Crafting,,8,Items; Online; UI,
Crafting Halls,Professions and Crafting,,1,Online,yes
Crafting Stations,Professions and Crafting,,1,UI,yes
Crash Gate,Oblivion Gates,,1,Engine,yes
Crashes,Platform and Engine,,1,Engine,yes
CreateFoe,World and Overworld,,1,World,yes
createMesh,Rendering,,1,Graphics,yes
Crew,Naval,,24,Combat; Graphics; UI,
Crew Orders,Naval,,3,Combat,
Crew Roles,Naval,,5,Graphics; UI,
Crew Spirits,Naval,,2,Combat,yes
Crickets,Audio,,3,Graphics,
Crime,Law and Crime,,2,World,yes
Crosshair,Combat and AI,,2,UI,yes
Crouch,Controls,,1,Controls,yes
Crowds,Rendering,,2,Graphics,yes
Crown Castle,Guilds and Seats,,1,Online,yes
Crown Sieges,Guilds and Seats,,2,Graphics; Online,yes
Crowns,Guilds and Seats,,1,Online,yes
Crux Doors,World and Overworld,,1,World,yes
Curfew,Guilds and Seats,,1,World,yes
Curse of Daggerfall,Platform and Engine,,2,Online,yes
Cursor,Interface,,2,UI,yes
Customs,Online,,6,Online; World,
Daggerfall Enhanced,Platform and Engine,,3,Platform,
Daggerfall Online,Online,,2,Platform,yes
Dagon's Breach,World and Overworld,,6,World,
Day Length,World and Overworld,,2,World,yes
Dead Span,World and Overworld,,1,World,yes
Death,Law and Crime,,1,Online,yes
Death Penalty,Online,,6,Online; UI,
Death Screen,Interface,,3,Online; UI,
Decks,Naval,,4,Graphics; World,
Decor,Homes and Property,,1,World,yes
Decorate,Homes and Property,,7,Online; UI,
Decorator,Homes and Property,,5,Online; UI,
Deep Delver,Professions and Crafting,,1,Character,yes
Deep-Sea,Naval,,1,Character,yes
Desktop App,Platform and Engine,,15,Platform,
Detailed Ships,Naval,,1,Items,yes
Developer Role,Online,,1,Online,yes
Developer Title,Online,,1,Online,yes
Developers,Online,,1,Online,yes
Directions,Interface,,1,UI,yes
Discord,Online,,5,Online; UI,
Discord Batch,Online,,5,Engine,
Discord Reports,Online,,9,Engine,
Disenchanting,Professions and Crafting,,1,Items,yes
Distant Land,Rendering,,4,Graphics,
Distiller,Professions and Crafting,,1,Character,yes
Diverse Weapons,Combat and AI,,1,Mods,yes
Docked Ships,Naval,,3,Online; World,
Docking,Naval,,5,Combat,
Docks,Naval,,2,Graphics,yes
Documentation Rows,Platform and Engine,,1,Engine,yes
Door Griefing,World and Overworld,,3,World,
Drakes,Economy and Trade,,1,Online,yes
Duels,Platform and Engine,,2,Online,yes
Dungeon Automap,World and Overworld,,2,UI,yes
Dungeon Campfires,Camping and Survival,World and Overworld,5,UI; World,
Dungeon Doors,World and Overworld,,1,Engine,yes
Dungeon Interior,World and Overworld,,1,Graphics,yes
Dungeon Level,World and Overworld,Character and Progression,1,Graphics,yes
Dungeon Map,World and Overworld,,5,UI,
Dungeon Master,World and Overworld,,1,Online,yes
Dungeon Mesh Materials,Rendering,World and Overworld; Items and Equipment,2,Graphics,yes
Dungeon Respawn,World and Overworld,,1,World,yes
Dungeon Save,Platform and Engine,World and Overworld,1,Engine,yes
Dungeon Scaling,World and Overworld,,16,World,
Dungeon Seat-Heal,Naval,Guilds and Seats; World and Overworld,1,Online,yes
Dungeons,World and Overworld,,2,World,yes
Dwarven Thunderlock,Companions and Revenants,,20,Combat,
Dying,World and Overworld,,2,Character; World,yes
Dynamic Skies,Mods,Rendering,4,Mods,
Economy,Online,,1,Online,yes
Edicts,Guilds and Seats,,4,Online,
Efficient,Professions and Crafting,,1,Character,yes
Elite Dungeons,World and Overworld,Companions and Revenants,1,World,yes
Elites,Companions and Revenants,,6,Combat,
Ember Jar,Camping and Survival,,2,Graphics; Items,yes
Emission Mips,Rendering,,1,Graphics,yes
Empire Bank,Economy and Trade,,1,World,yes
Enchanting,Professions and Crafting,,6,Character; Items; UI,
Encounters,World and Overworld,,1,World,yes
Enemy Loot,Items and Equipment,Combat and AI,1,Engine,yes
Enhanced AI,Combat and AI,,7,Combat,
Enhanced Climbing,Controls,,3,Controls; Online; UI,
Enhanced Combat Visuals,Combat and AI,Rendering,1,Combat,yes
Enhanced Font,Interface,,15,UI,
Enhanced Lighting,Rendering,,25,Engine; Graphics; Online,
Enhanced Maps,World and Overworld,,5,UI,
Enhanced Menus,Interface,,1,UI,yes
Enhanced Plus,Platform and Engine,,1,Engine,yes
Enhanced Plus UI,Interface,,1,UI,yes
Enhanced Sounds,Audio,,1,UI,yes
Enhanced Text,Interface,,3,UI,
Enhanced UI,Interface,,1,UI,yes
Enhanced Visuals,Rendering,,1,Graphics,yes
Entity Modifier Channels,Mods,,1,Engine,yes
Equipment,Items and Equipment,,1,Items,yes
Escape,Controls,,1,Controls,yes
Escape Menu,Interface,,1,UI,yes
Exhaustion,World and Overworld,,1,World,yes
Exhibitions,Arena and Quests,,1,World,yes
Exterior,Homes and Property,,7,Graphics; Online,
Eye of the Beholder,Mods,,10,Graphics; Mods,
F301,Platform and Engine,,1,Engine,yes
Face-Measure Texture,Rendering,,1,Platform,yes
Face-UV Harness,Rendering,,1,Graphics,yes
Fair Sieges,Guilds and Seats,,1,Online,yes
Farm Bounties,Law and Crime,,2,World,yes
Fast Travel,World and Overworld,,4,World,
Fatigue,Character and Progression,,1,Character,yes
Fealty,Guilds and Seats,,7,Online,
Feast,Professions and Crafting,Social and Chat,6,Items,
Featherweight,Character and Progression,,1,Character,yes
Feature Declaration,Platform and Engine,,1,Engine,yes
Features,Interface,,14,UI,
Festival,Guilds and Seats,,1,Graphics,yes
Field Bugs,Platform and Engine,,1,Engine,yes
Field Cook,Professions and Crafting,,2,Character,yes
Field Fixes,Platform and Engine,,2,Engine,yes
Field Repair Kits,Professions and Crafting,,2,Items,yes
Field-Fix Arc,Platform and Engine,,1,Engine,yes
Fighters Guild,Guilds and Seats,,2,Character,yes
Fines,Law and Crime,,1,World,yes
Firewood,Camping and Survival,,2,Items,yes
First Person Travel,World and Overworld,,3,Controls,
First-Person Arms,Rendering,,8,Graphics; UI,
First-Person View,Rendering,,1,Graphics,yes
First/Third Person Toggle,Rendering,,1,Controls,yes
Fishing,Professions and Crafting,,19,Character; Items; UI; World,
Fixed-City Route,World and Overworld,,1,Engine,yes
Flags,Naval,,2,Graphics,yes
Flail,Items and Equipment,,1,Items,yes
Fleet,Interface,Naval,11,UI,
Floating Casks,Naval,,1,Combat,yes
Floor,World and Overworld,,1,World,yes
Flyer,World and Overworld,,1,World,yes
Flyer Anchors,Naval,,1,Combat,yes
Foe Capsules,Combat and AI,,1,Combat,yes
Foe Health Bar,Combat and AI,Interface,1,UI,yes
Foes,Combat and AI,,2,World,yes
Folder Pick,Platform and Engine,,1,Platform,yes
Footsteps,Audio,,1,Graphics,yes
Foraging,Professions and Crafting,,31,Controls; Mods,
Forester,Professions and Crafting,,1,Character,yes
Forge,Professions and Crafting,,8,Items; Online,
Fortifications,Guilds and Seats,,7,Online,
Fortifier,Professions and Crafting,,1,Character,yes
Founder,Online,,3,Online,
FPS Counter,Platform and Engine,,3,UI,
Frame Rate,Rendering,,1,Engine,yes
Frame Rate Cap,Rendering,,1,Engine,yes
Free Lands,Guilds and Seats,,1,Online,yes
Friendly Spells,Social and Chat,Combat and AI,2,Online,yes
Friends,Social and Chat,,4,Online,
Front Door,Interface,,1,UI,yes
Frustum Culling,Rendering,,3,Graphics,
Furniture,Professions and Crafting,,3,Items; World,
Game,Platform and Engine,,17,Other,
Game Host,Platform and Engine,,1,Engine,yes
Gamepad,Controls,,4,Controls,
Gate,Oblivion Gates,,1,Engine,yes
Gate Messages,Oblivion Gates,,1,UI,yes
Gate Reload,Oblivion Gates,,1,Engine,yes
Gatehouse,Oblivion Gates,,3,Online,
Gather Cards,Professions and Crafting,,6,UI,
Gathering,Professions and Crafting,,18,Controls; Graphics; Items; UI,
Gathering Nodes,Professions and Crafting,,2,World,yes
Gathering Spots,Professions and Crafting,,2,Graphics; UI,yes
Gathering Tools,Professions and Crafting,Items and Equipment,2,Items,yes
Gear Wear,Items and Equipment,,9,Items,
Gemcutter,Professions and Crafting,,1,Character,yes
Gentle Acts,Professions and Crafting,,1,Controls,yes
Ghost,Rendering,,1,Graphics,yes
Glare,Rendering,,1,Graphics,yes
Glyphs,Interface,,2,UI,yes
Gold Drop,Economy and Trade,,1,Items,yes
Gold Floor,Economy and Trade,,1,Items,yes
Goldsmith,Economy and Trade,,1,Character,yes
Gore,Rendering,,1,Combat,yes
Grass,Rendering,,19,Graphics; UI,
Graveyard Hunts,Law and Crime,,1,World,yes
GrimoireUI,Mods,,1,UI,yes
Grip,Controls,,7,Controls; UI,
Ground Snap,World and Overworld,,1,Engine,yes
Guild Board,Guilds and Seats,,5,UI,
Guild Contracts,Guilds and Seats,,5,Online,
Guild Deeds,Guilds and Seats,Homes and Property,4,Online,
Guild Hall,Guilds and Seats,,24,Online; UI,
Guild Popup,Guilds and Seats,,1,UI,yes
Guild Refusal,Guilds and Seats,,1,UI,yes
Guild Rename,Guilds and Seats,,2,Online,yes
Guild Reputation,Guilds and Seats,,1,World,yes
Guild Shelf,Guilds and Seats,,1,World,yes
Guild Stores,Guilds and Seats,,8,Online,
Guild Tab,Guilds and Seats,Interface,2,UI,yes
Guild Tags,Guilds and Seats,,1,UI,yes
Guild Treasury,Guilds and Seats,Economy and Trade,5,Online; UI,
Guild Vault,Guilds and Seats,Economy and Trade,1,Online,yes
Guild Writs,Guilds and Seats,,16,Online,
Guilds,Guilds and Seats,,6,Character; Online; World,
Gun Smoke,Naval,,1,Graphics,yes
Gun Sound,Naval,Audio,2,Graphics,yes
Gunnery,Naval,,22,Combat; UI,
Hall of Champions,Arena and Quests,,1,World,yes
Hall of Records,Guilds and Seats,,4,Online; World,
Hand Cells,Interface,,1,UI,yes
Hand Switch,Controls,,1,Controls,yes
Handheld Torches,Mods,,24,Controls; Items; Mods,
Hanging,Controls,,6,Controls,
Harbours,Naval,,10,Online; World,
Hardening Pass,Platform and Engine,,3,Engine,
Healing Potions,Items and Equipment,,3,Items,
Helm,Naval,,1,Items,yes
Helm Camera,Naval,Rendering,4,Graphics,
Helm Controls,Naval,,6,Controls; UI,
Helm Panel,Naval,Interface,7,UI,
Herald Title,Online,,2,Online,yes
Heraldry,Guilds and Seats,,7,Graphics; Online; UI,
Herbalism,Professions and Crafting,,13,UI; World,
High-Level Casts,Character and Progression,,1,Combat,yes
Hired Traders,Economy and Trade,,5,Online; UI,
Hit Feedback,Naval,,2,Graphics; UI,yes
Hold,Interface,,1,UI,yes
Holdings,Interface,,12,Online; UI,
Home Magic,Homes and Property,,1,Online,yes
Home Prices,Homes and Property,Economy and Trade,5,Online; UI,
Home.md,Homes and Property,,1,Engine,yes
Homes,Homes and Property,,5,Online,
Honours,Guilds and Seats,,3,Items; Online,
Hoods,Interface,,1,UI,yes
Horse,Combat and AI,,1,Combat,yes
Horse and Cart,Rendering,,3,Graphics,
Horse Cart and Cargo,Mods,,4,Mods; Online,
Hotbar,Controls,,3,Controls,
Hotslot,Controls,,1,UI,yes
Houses,Homes and Property,,7,Online; World,
HUD,Interface,,3,UI,
HUD Line,Interface,,1,UI,yes
HUD Scale,Interface,,2,UI,yes
Hunting,Professions and Crafting,,17,UI; World,
Immersive Footsteps,Audio,,2,Mods,yes
Immersive Travel,World and Overworld,,8,Mods; Online,
Improved Interior Lighting,Rendering,,4,Mods,
Influence,Guilds and Seats,,8,Online,
Input,Controls,,1,Controls,yes
Input Message Box,Controls,,1,UI,yes
Interaction Mode Icons,Mods,,1,UI,yes
Interface,Interface,,3,UI,
Interior Lighting,Rendering,,1,Graphics,yes
Interior Room,Homes and Property,,1,Graphics,yes
Intro Cinematic,Interface,,4,UI,
Inventory,Items and Equipment,,10,UI,
Invisibility,Online,,1,Online,yes
Item Card,Items and Equipment,,3,UI,
Item Fields,Items and Equipment,,1,Engine,yes
Item Icons,Items and Equipment,,1,Items,yes
Item Tooltip,Items and Equipment,Interface,1,UI,yes
Jail,World and Overworld,,2,World,yes
Jewelcrafting,Professions and Crafting,,21,Character; Items; UI,
Joiner,Professions and Crafting,,1,Character,yes
Journal,Interface,,1,UI,yes
Joystick,Controls,,1,Controls,yes
Jump Spell,Combat and AI,,1,Combat,yes
Keybindings,Controls,,3,Controls,
Land View,Rendering,,1,Graphics,yes
Landing Page,Platform and Engine,,4,Platform,
Lantern,Rendering,,1,Graphics,yes
Lapidary,Professions and Crafting,,1,Character,yes
Launch Settings,Rendering,,1,Engine,yes
Launcher,Platform and Engine,,10,Platform,
Leaps,Controls,,8,Character; Controls,
Ledge Catch,Controls,,6,Controls,
Legacy,Guilds and Seats,,1,Online,yes
Letters,Interface,,1,UI,yes
Level Row,Character and Progression,,1,UI,yes
Level-Up Notification,Character and Progression,,1,UI,yes
Level-Up Window,Character and Progression,Interface,2,UI,yes
Leveling,Character and Progression,,5,Character; UI,
Levelling,Character and Progression,,1,Online,yes
Lighting,Rendering,,10,Graphics,
Lightning,Rendering,,3,Graphics,
Live Chat,Social and Chat,,3,Online,
Live Events,Online,,1,Online,yes
Live Gates,Oblivion Gates,,1,Online,yes
Living World,World and Overworld,,16,Engine; Online; UI; World,
Loading,Platform and Engine,,1,Engine,yes
Loading Screens,Interface,,4,UI,
Loans,Economy and Trade,,1,World,yes
Logbook,Interface,,2,UI,yes
Logging,Professions and Crafting,Interface,17,UI; World,
Login,Interface,,2,Engine; Online,yes
Loitering,Camping and Survival,,6,World,
Look While Attacking,Combat and AI,,1,Controls,yes
Lookout,Naval,,1,UI,yes
Loom,Professions and Crafting,,4,Items,
Loot Changes,Items and Equipment,,3,Items,
Loot Cues,Items and Equipment,,1,Items,yes
Loot Drops,Items and Equipment,,13,Items,
Loot Rarity,Items and Equipment,,6,Items,
Loot Window,Items and Equipment,Interface,2,UI,yes
Low Poly Trees,Mods,,10,Graphics; Mods; UI; World,
Lumberjack,Professions and Crafting,,1,Character,yes
Lycanthropy,Character and Progression,,3,Character; Online,
Lysandus,Audio,,1,Graphics,yes
Mac Play Report,Platform and Engine,,1,Engine,yes
Mac Reports,Platform and Engine,,8,Engine,
Magic Costs,Online,,7,Online,
Magic Repair,Professions and Crafting,,1,Online,yes
Main Menu,Interface,,5,UI,
Map Key,World and Overworld,,3,UI,
Market,Economy and Trade,,87,Online; UI,
Market Hall,Economy and Trade,,4,Online,
Marks,Economy and Trade,,12,Online,
Marks Report,Economy and Trade,,1,Online,yes
Masonry,Professions and Crafting,,6,Character; Items,
Master Alchemist,Professions and Crafting,,1,Character,yes
Master Jeweller,Professions and Crafting,,1,Character,yes
Master Joiner,Professions and Crafting,,1,Character,yes
Master Skills,Character and Progression,,16,Character; UI,
Masterwright,Professions and Crafting,,1,Character,yes
Materials,Items and Equipment,,1,Items,yes
Materials Bag,Items and Equipment,,9,Items; UI,
Meaner Monsters,Mods,,2,Mods,yes
Meditation Candle,Camping and Survival,,1,Items,yes
Mentoring,Social and Chat,,6,Online,
Message Box,Interface,,1,UI,yes
Messages,Interface,,1,UI,yes
Mining,Professions and Crafting,,26,Controls; UI; World,
Missile Contact,Platform and Engine,,1,Combat,yes
Mod Decorations,Mods,,1,Mods,yes
Moderation,Mods,,14,Online,
Mods,Mods,,8,Mods; UI,
Moon,Rendering,,1,Graphics,yes
Morrowind Asset Pack,Rendering,Mods,3,UI,
Morrowind Body,Rendering,,9,Graphics; Online,
Morrowind Models,Rendering,Mods,27,Graphics,
Mortar,Professions and Crafting,,1,Items,yes
Motherlode Sense,Professions and Crafting,,2,Character,yes
Motherlodes,Professions and Crafting,,8,UI; World,
Multiplayer,Online,,3,Online,
Music,Audio,,1,Graphics,yes
Name Adoption,Online,,1,Online,yes
Name Filter,Social and Chat,,1,Online,yes
Name Resolver,Platform and Engine,,1,Engine,yes
Naval Combat,Naval,Combat and AI,28,Combat; Graphics; UI; World,
Naval Law,Naval,Law and Crime,4,UI; World,
Naval Sound,Naval,Audio,2,Graphics,yes
Nearby Quests,Arena and Quests,,6,World,
Neglect,Guilds and Seats,,2,Online,yes
Netter,Professions and Crafting,,1,Character,yes
Notice Board,Law and Crime,,23,Online; UI,
Notifications,Law and Crime,,1,UI,yes
NPC Flat,Rendering,,1,Graphics,yes
Oblivion Gates,Oblivion Gates,,44,Controls; Graphics; Items; Online; UI; World,
Oblivion Remaster Like Leveling,Character and Progression,Oblivion Gates,1,Mods,yes
Oblivion Sky,Rendering,Oblivion Gates,1,Graphics,yes
Off-Road Placement,World and Overworld,,1,World,yes
Online Audits,Platform and Engine,Online,1,Engine,yes
Online Characters,Online,Character and Progression,1,Online,yes
Online Death,Online,,3,Online,
Online Door,Online,,1,UI,yes
Online Foes,Online,Combat and AI,5,Online,
Online Mode,Online,Mods,10,Online,
Online Names,Online,,2,Online,yes
Online Page,Online,,1,UI,yes
Online Players,Online,,13,Online,
Online Quests,Arena and Quests,Online,18,UI; World,
Online Roster,Online,,2,Online,yes
Online Saving,Online,,9,Online,
Online Sea,Naval,Online,22,Online,
Online Sign-In,Online,,1,Online,yes
Orchard Tart,Professions and Crafting,,1,Items,yes
Outdoor Z Key,Controls,,1,Controls,yes
Outfitting,Professions and Crafting,,7,Character; Items,
Overhaul Menu,Interface,,1,UI,yes
Overhauls Screen,Interface,,1,UI,yes
Overreach,Guilds and Seats,,2,Online,yes
Overworld,World and Overworld,,74,Controls; Engine; Graphics; UI; World,
Pack,Interface,,2,Engine; UI,yes
Pacts,Guilds and Seats,,3,Online,
Page,Interface,,1,UI,yes
Palace Hall,Guilds and Seats,Homes and Property,4,Online,
Paperdoll,Interface,,2,UI,yes
Parity Audit,Platform and Engine,,2,Engine,yes
Parties,Social and Chat,,3,Online,
Party Buffs,Online,,1,Online,yes
Party HUD,Interface,Online,2,UI,yes
Party Leader,Online,,1,Online,yes
Party Map,World and Overworld,Online,2,UI,yes
Party Quests,Online,Arena and Quests,1,Online,yes
Party Rest,Camping and Survival,Online,12,Online; UI; World,
Party Scaling,Online,,1,Online,yes
Party Travel,Online,World and Overworld,5,Online; UI,
Patreon Link,Online,,10,Online,
Patreon Tiers,Online,,2,Online,yes
Pause Key,Controls,,1,Controls,yes
Pause Menu,Interface,,1,UI,yes
Pearl Diver,Professions and Crafting,,1,Character,yes
Peer Buzz,Online,,1,Online,yes
Peer Footsteps,Audio,,1,Online,yes
Pegas Horse,Mods,,1,Mods,yes
Performance,Platform and Engine,,3,Engine; Graphics,
Performance Probe,Platform and Engine,,1,Engine,yes
Phone Controls,Controls,,5,Controls; UI,
Physical Combat and Armor Overhaul,Combat and AI,Items and Equipment,5,Mods,
Pickups,Items and Equipment,,4,UI,
Pirates,Naval,,2,Combat,yes
Pixel Face Font,Interface,,1,UI,yes
Pixelated Sky,Rendering,,1,Graphics,yes
Plain Enhanced,Platform and Engine,,1,Engine,yes
Planks,Professions and Crafting,,1,Items,yes
Plaque Verbs,Interface,,1,UI,yes
Platform Fixes,Platform and Engine,,1,Engine,yes
Player Clock,Online,,7,World,
Player Shadow,Rendering,Online,1,Graphics,yes
Player Trade,Online,Economy and Trade,1,Online,yes
Pledges,Guilds and Seats,,1,Online,yes
Plunder,Naval,,15,Combat; UI,
Pointer,Controls,,1,Controls,yes
Portal Stone,Naval,,6,Items,
Portrait,Naval,,1,Character,yes
Potion Prices,Economy and Trade,Items and Equipment,1,World,yes
Pre-Merge Audits,Platform and Engine,,2,Engine,yes
Presence,Social and Chat,,1,Online,yes
Prices,Economy and Trade,,2,World,yes
Prison,World and Overworld,,1,World,yes
Private Sessions,Arena and Quests,,10,Online; UI,
Professions,Professions and Crafting,,28,Character; Controls; Online; UI,
Profile,Interface,,3,UI,
Prospector,Professions and Crafting,,2,Character,yes
Protect Bystanders,Law and Crime,,1,World,yes
Provisioner,Professions and Crafting,,2,Character,yes
Puddles,Naval,,1,Graphics,yes
Quarryman,Professions and Crafting,,1,Character,yes
Quartermaster,Professions and Crafting,,2,Character,yes
Quays,Naval,,4,Graphics; Online,
Quest Clocks,Arena and Quests,,3,World,
Quest Journal,Arena and Quests,Interface,11,UI,
Quest Log,Interface,Arena and Quests,2,UI,yes
Quest Marks,Arena and Quests,Economy and Trade,4,UI,
Quest News,Arena and Quests,,7,UI,
Quest Sharing,Arena and Quests,,1,Online,yes
Quest System,Arena and Quests,,3,World,
Quest Timers,Arena and Quests,,5,Engine; Online; World,
Quest Tracker,Arena and Quests,,7,UI,
Quest Waits,Arena and Quests,,1,World,yes
Quests,Arena and Quests,,23,Online; UI; World,
Quick Loot,Items and Equipment,,4,Items; UI,
Quick Slots,Controls,,4,UI,
Quickslot Diamond,Controls,,12,UI,
Quit Prompt,Platform and Engine,,1,Platform,yes
Raid Guards,Law and Crime,,1,World,yes
Raiding Parties,Social and Chat,,2,Online,yes
Raids,World and Overworld,,2,World,yes
Rain,Rendering,,2,Graphics,yes
Ram Kit,Professions and Crafting,,3,Items,
Ramming,Naval,,2,Combat,yes
Rams,Guilds and Seats,,1,Online,yes
Rare and Legendary Gear,Items and Equipment,,1,Items,yes
Rarity Frames,Rendering,,1,UI,yes
Rations,Mods,,1,Items,yes
Raw Tokens,Platform and Engine,,2,Engine; UI,yes
Reach,Platform and Engine,,1,Combat,yes
Real Forests,World and Overworld,,10,Online; UI; World,
Realm,Platform and Engine,,2,Engine; Online,yes
Realm Bank,Economy and Trade,,1,Online,yes
Relay,Law and Crime,,3,Online,
Reloading,Naval,,2,UI,yes
Render Loop,Rendering,,2,Graphics,yes
Render Scale,Rendering,,1,Graphics,yes
Renderer,Rendering,,4,Graphics,
Renown,Character and Progression,,10,Online; UI,
Rented Rooms,Homes and Property,,4,Online; World,
Repair Kits,Professions and Crafting,,14,Items; UI,
Repairs,Professions and Crafting,,3,World,
Reputation,Character and Progression,,1,Character,yes
Respawn,Platform and Engine,,3,World,
Respawning,World and Overworld,,1,World,yes
Rest Menu,Camping and Survival,Interface,1,UI,yes
Rest Supplies,Camping and Survival,,1,Items,yes
Rest Window,Interface,Camping and Survival,1,UI,yes
Resting,Camping and Survival,,22,Online; UI; World,
Restorative Tonic,Camping and Survival,,1,Items,yes
Restore,Camping and Survival,,1,Graphics,yes
Restore Power Potions,Items and Equipment,Camping and Survival,1,Items,yes
Retro Mode,Mods,,4,Mods; UI,
Revenants,Companions and Revenants,,50,Combat; Controls; Engine; Graphics; Items; Online; UI; World,
Revolts,Guilds and Seats,,6,Online,
Right-Click Look,Controls,,1,Controls,yes
Road Encounters,World and Overworld,,1,World,yes
Road System,World and Overworld,,2,World,yes
Road to 1:1,World and Overworld,,13,Engine,
Roads,World and Overworld,,2,Engine; World,yes
Roaming Bands,World and Overworld,,2,World,yes
Roleplay & Realism,Mods,,3,Mods,
Rooms,Homes and Property,,1,World,yes
Rooms to Rent,Homes and Property,,15,Online,
Rowboat,Naval,,1,UI,yes
Royal Tourney,Guilds and Seats,,9,Online,
Running Leap,Controls,,2,Controls,yes
Sailing,Naval,,3,Online; World,
Sails,Naval,,1,Graphics,yes
Salvage,Naval,,6,Online; World,
Save Screen,Platform and Engine,Interface,1,Engine,yes
Save Slots,Platform and Engine,,3,UI,
Save Tiles,Platform and Engine,,1,UI,yes
Saved Boats,Platform and Engine,Naval,3,Engine,
Saves,Platform and Engine,,2,Engine,yes
Saves Picker,Platform and Engine,,1,UI,yes
Saving,Platform and Engine,,4,Engine; Online,
Screenshots,Interface,,3,UI,
Scrollbars,Interface,,1,UI,yes
Sculptor,Professions and Crafting,,1,Character,yes
Sea,Naval,,1,World,yes
Sea Creatures,Naval,,1,World,yes
Sea Pacing,Naval,,1,World,yes
Sea Serpent,Naval,,16,Online; UI,
Sea Update,Naval,,5,Engine; Graphics; Mods,
Seamanship,Naval,,17,World,
Searchables,Naval,,2,Online; World,yes
Seasons,Naval,,9,Online,
Seasons of the Iliac Bay,Naval,,6,Mods,
Seat Registry,Guilds and Seats,Naval,1,Online,yes
Seat Shops,Guilds and Seats,Naval; Economy and Trade,2,Online,yes
Seat Tab,Guilds and Seats,Naval; Interface,5,UI,
Seat Writs,Guilds and Seats,Naval,2,Online,yes
Seats,Guilds and Seats,Naval,10,Graphics; Online; UI,
Selling Homes,Homes and Property,,2,Online,yes
Sellswords,Guilds and Seats,,3,Online,
Sentences,Law and Crime,,2,World,yes
Server,Online,,2,Online,yes
Server Notice,Online,,2,Online,yes
Settings,Interface,,1,UI,yes
Settlements,Professions and Crafting,,2,World,yes
Shadows,Rendering,,3,Graphics,
Shared Cartography,Social and Chat,Interface,6,Combat,
Shield,Items and Equipment,,1,Items,yes
Shield Widget,Items and Equipment,,3,Mods,
Ship Damage,Naval,,4,Graphics; World,
Ship Fires,Naval,,3,Combat; Graphics,
Ship Handling,Naval,,12,World,
Ship Helm,Naval,,1,UI,yes
Ship Landing,Naval,,1,World,yes
Ship Names,Naval,,2,UI,yes
Ship Plate,Naval,,1,UI,yes
Ship Refits,Naval,,7,Items,
Ship Repairs,Naval,Professions and Crafting,18,UI; World,
Ship Strength,Naval,,4,Combat,
Ship Tags,Naval,,5,UI,
Ships,Naval,,7,Graphics; UI; World,
Ships at Sea,Naval,,40,Graphics; Online; UI; World,
Shipwright,Naval,,4,World,
Shop Screen,Interface,Economy and Trade,1,UI,yes
Shops,Economy and Trade,,4,Online; World,
Shrine,Guilds and Seats,,2,Online,yes
Siege,Guilds and Seats,,18,Online; UI,
Siege Bar,Guilds and Seats,Interface,4,UI,
Siege Camp,Guilds and Seats,Camping and Survival,1,Online,yes
Siege Clock,Guilds and Seats,,2,Online,yes
Siege Receipt,Guilds and Seats,,2,Online,yes
Siegewright,Guilds and Seats,,2,Character,yes
Sigil Block,Oblivion Gates,,1,UI,yes
Sigil Broker,Oblivion Gates,,6,Online,
Sigil Sets,Oblivion Gates,,2,Items; Online,yes
Sigil Stones,Oblivion Gates,,2,Engine; Items,yes
Sigils,Oblivion Gates,,1,Items,yes
Silver,Economy and Trade,,2,Items; Online,yes
Silver Finds,Economy and Trade,,6,Online; UI,
Sinking,Naval,,6,Graphics; Online,
Skill Screens,Interface,Character and Progression,2,UI,yes
Skill Training,Character and Progression,,9,Character,
Skinning Knife,Professions and Crafting,,3,Items,
Sky,Rendering,,3,Graphics; World,
Sky Walkers,Rendering,,1,Graphics,yes
Sleeping Draught,Camping and Survival,,1,Items,yes
Slowfall,Controls,,3,Character,
Small Ship,Naval,,11,Combat; Graphics,
Smith,Professions and Crafting,,1,World,yes
Smithing,Professions and Crafting,,22,Character; Items,
Social,Social and Chat,,1,Online,yes
Soul Trap,Online,,2,Online,yes
Spawned Dungeons,World and Overworld,,7,World,
Spell Absorption,Combat and AI,,4,Combat,
Spell Bursts,Combat and AI,,10,Graphics,
Spell Sounds,Audio,Combat and AI,2,Graphics,yes
Spellbook,Combat and AI,,2,UI,yes
Spells,Combat and AI,,3,Combat; UI,
Spoils,Items and Equipment,,1,Items,yes
Sprite Transform,Rendering,,1,Graphics,yes
Sprites,Rendering,,1,Graphics,yes
Stable,Interface,,4,UI,
Staff Commands,Social and Chat,,1,Online,yes
Staff Teleport,Naval,,3,Engine,
Stairs,World and Overworld,,1,World,yes
Stamina and Wear,Items and Equipment,,1,Character,yes
Standing,Law and Crime,,8,Online; UI; World,
Standing Cards,Law and Crime,,1,UI,yes
Static Models,Mods,,1,Graphics,yes
Stats Card,Character and Progression,,11,UI,
Status Box,Interface,,2,UI,yes
Status Readout,Interface,,1,UI,yes
Steady Shadows,Rendering,,9,Graphics,
Steel Brigandine,Rendering,,11,Graphics,
Stonebreaker,Professions and Crafting,,1,Character,yes
Stores,Professions and Crafting,,12,Items; Online; UI,
Stream Build,Platform and Engine,,1,Graphics,yes
Street Shield,Items and Equipment,,1,Combat,yes
Strike Spells,Combat and AI,,4,Online,
Sun Baby,Online,,7,Graphics; Online,
Supplies,Mods,,1,Items,yes
Survival Thirst,Camping and Survival,,1,World,yes
Swimmer,Naval,,1,World,yes
Swimming,Naval,,3,World,
Swing,Controls,,3,Controls,
Tab Key,Interface,,1,Controls,yes
Table,Interface,,1,World,yes
Tactics,Combat and AI,,6,Combat,
Tailor,Professions and Crafting,,1,Character,yes
Talk Panel,Interface,,2,UI,yes
Talk Window,Interface,,1,UI,yes
Tanner,Professions and Crafting,,1,Character,yes
Target Bar,Interface,Combat and AI,1,UI,yes
Target Panel,Interface,Combat and AI,4,UI,
Target Transform,Combat and AI,,1,Graphics,yes
Tavern Prices,Economy and Trade,,1,World,yes
Telegraphed Attacks,Combat and AI,,17,Combat; Graphics; Online,
Teleporters,World and Overworld,,1,World,yes
Temple Prices,Economy and Trade,,1,World,yes
Temples,Law and Crime,,3,World,
Tents,Camping and Survival,,1,Items,yes
Terms,Platform and Engine,,1,Platform,yes
Terrain,World and Overworld,,3,Graphics; World,
Test Room,Homes and Property,,4,UI,
Texture Detail,Rendering,,1,Mods,yes
Texture Mods,Mods,Rendering,26,Graphics; Mods; UI,
Texture Overhaul,Rendering,,5,Graphics; UI,
Texture Pack,Rendering,Mods,1,Graphics,yes
Textures,Rendering,,3,Graphics,
The Court,World and Overworld,,1,World,yes
The Crux,World and Overworld,,1,World,yes
The Gate in the Rock,Oblivion Gates,,1,World,yes
The Marches,Guilds and Seats,,1,Online,yes
The Tithe,Economy and Trade,,5,Online,
The Turning,Guilds and Seats,,6,Online,
Third-Person View,Rendering,,6,Graphics,
Throne,Guilds and Seats,,2,Online,yes
Thrust,Controls,,1,Controls,yes
Thunder,Rendering,,1,Graphics,yes
Tides,Guilds and Seats,,12,Online,
Timberwright,Professions and Crafting,,1,Character,yes
Timers,Interface,Guilds and Seats; Online,13,UI,
Titles,Online,,13,Online,
Touch Device,Controls,,1,Controls,yes
Tourney,Guilds and Seats,,1,Online,yes
Town Furnishings,World and Overworld,Homes and Property,2,Items,yes
Town Layouts,World and Overworld,,16,Engine; Graphics; Online; World,
Town Map,World and Overworld,,9,UI,
Town People,World and Overworld,,1,World,yes
Town Watch,Law and Crime,World and Overworld,14,Online; World,
Townspeople,World and Overworld,,10,World,
Tracker,Professions and Crafting,,2,Character,yes
Transmuter,Professions and Crafting,,1,Character,yes
Travel,World and Overworld,,12,Online; UI; World,
Travel Fares,World and Overworld,Economy and Trade,1,World,yes
Travel Map,World and Overworld,Interface,20,Engine; UI,
Travel Options,World and Overworld,,13,Engine; Mods; Online; World,
Travel Panel,World and Overworld,Interface,1,UI,yes
Travel Pathing,World and Overworld,,1,World,yes
Travel Speed,World and Overworld,,1,World,yes
Travel Threat,World and Overworld,,4,World,
Travellers,World and Overworld,,1,World,yes
Trophy Hunter,Professions and Crafting,,1,Character,yes
UI Choice,Interface,,3,Online; UI,
UI Mips,Interface,,1,UI,yes
Underground Load,Online,,2,Engine; Online,yes
Underwater,Naval,,2,Graphics,yes
Unleveled Loot,Items and Equipment,,1,Mods,yes
Update Notice,Platform and Engine,,2,Platform,yes
Upkeep,Guilds and Seats,,3,Online; UI,
UX Backlog,Platform and Engine,,2,UI,yes
Vampire Hood,Character and Progression,,1,Character,yes
Vampirism,Character and Progression,,8,Character,
Vanilla Enhanced,Mods,,2,Mods,yes
Vault,Economy and Trade,,6,Character; Controls,
Vendor Page,Homes and Property,,1,UI,yes
Versus Bar,Interface,,1,UI,yes
Voice Chat,Social and Chat,Audio,3,Online,
Volumetric Clouds,Rendering,,8,Engine; Graphics,
Wagon,World and Overworld,,3,Graphics; Online; World,
Waking Salts,Camping and Survival,,1,Items,yes
Wall Climbing,Controls,,7,Controls,
Wall Run,Controls,,1,Controls,yes
Wallet,Economy and Trade,,7,Items; UI,
Walls,Guilds and Seats,,1,Online,yes
Watch,Law and Crime,,5,World,
Watchtowers,Law and Crime,,1,Online,yes
Water Surface,Naval,,22,Graphics,
Weapon Hand,Combat and AI,,1,Combat,yes
Weapon Hands Tooltip,Interface,Combat and AI; Items and Equipment,1,UI,yes
Weapon Sheathing,Combat and AI,,2,Mods,yes
Weapon Widget,Combat and AI,,8,Mods,
Weapons,Combat and AI,,2,Combat; Graphics,yes
Weaponsmith and Armoursmith,Combat and AI,Items and Equipment,1,Character,yes
Wear Bars,Interface,,1,UI,yes
Weather,Rendering,,16,Graphics; World,
Weavers' Counter,Professions and Crafting,Economy and Trade,3,Online,
Website,Platform and Engine,,11,Platform,
Welkynd Shards,Items and Equipment,,1,Items,yes
Werewolf,Law and Crime,,15,Character,
Wildlife,Camping and Survival,,1,World,yes
Wind,Rendering,,9,Graphics,
Windmill,World and Overworld,,11,World,
Window Title,Interface,,1,Platform,yes
Wisps,Rendering,,2,Graphics,yes
Woods,Professions and Crafting,,5,World,
Wordmark,Platform and Engine,,2,Platform,yes
World Bosses,World and Overworld,,1,Combat,yes
World Clock,World and Overworld,,9,World,
World Hover,World and Overworld,,1,UI,yes
World Map,World and Overworld,,2,UI,yes
World of Daggerfall,World and Overworld,,7,Graphics; Mods; Online,
World Room,Online,World and Overworld; Homes and Property,55,Online,
World Zone,World and Overworld,,1,World,yes
World-Hosted Clear,World and Overworld,,1,Graphics,yes
Yard,Homes and Property,,8,Online,
Courtship and Marriage,Social and Chat,,6,Online; World,
Family Tab,Interface,,2,UI,yes
Family in the World,World and Overworld,,8,Graphics; Other; UI; World,
Heirlooms,Character and Progression,,5,Character; Engine; Items; World,
Project Legacy,Character and Progression,,21,Character; Engine; Online; UI; World,
Waypoints,World and Overworld,,4,Online; UI,
Blended Climates,World and Overworld,,3,World,
Word Filter,Social and Chat,,5,Online,
Privateer's Hold,World and Overworld,,2,World,
Abyss Dungeons,World and Overworld,,30,Engine; Graphics; Items; Online; UI; World,
Brass of Numidium,Items and Equipment,,1,Items,yes
Dungeon Sizes,World and Overworld,,3,World,
Heat Haze,Rendering,,1,Graphics,yes
Hourlock,Items and Equipment,,4,Items,
Iliac Hand,Social and Chat,,2,UI; World,yes
Land Beyond the Bay,World and Overworld,,3,Engine; World,
LeFay Monument,World and Overworld,,5,Online; World,
Mode Wheel,Controls,,4,Controls,
Snowfall,Rendering,,5,Graphics; World,
Tavern Cards,Social and Chat,,7,Graphics; Online; World,
Wrothgarian Zone,World and Overworld,,16,Combat; Items; UI; World,
Snow,World and Overworld,,1,World,yes
